,idx,parameter,ac1,ac2
0,0,"('Sarsa', 10000, 50, 1, 0.3, 0, 0.1, 0.3, 0, 0.1, 1, 0.5)",0.24762,0.44063
1,1,"('Sarsa', 10000, 50, 1, 0.3, 0, 0.1, 0.3, 0, 0.1, 1, 1)",0.23317,0.45746
2,2,"('Sarsa', 10000, 50, 1, 0.3, 0, 0.1, 0.3, 0, 0.1, 3, 0.5)",0.23603,0.44079
3,3,"('Sarsa', 10000, 50, 1, 0.3, 0, 0.1, 0.3, 0, 0.1, 3, 1)",0.24349,0.45841
4,4,"('Sarsa', 10000, 50, 1, 0.3, 0, 0.1, 0.3, 0, 0.1, 5, 0.5)",0.23603,0.44603
5,5,"('Sarsa', 10000, 50, 1, 0.3, 0, 0.1, 0.3, 0, 0.1, 5, 1)",0.23778,0.46016
6,6,"('Sarsa', 10000, 50, 1, 0.3, 0, 0.1, 0.5, 0, 0.1, 1, 0.5)",0.23571,0.44889
7,7,"('Sarsa', 10000, 50, 1, 0.3, 0, 0.1, 0.5, 0, 0.1, 1, 1)",0.24032,0.45714
8,8,"('Sarsa', 10000, 50, 1, 0.3, 0, 0.1, 0.5, 0, 0.1, 3, 0.5)",0.24333,0.45159
9,9,"('Sarsa', 10000, 50, 1, 0.3, 0, 0.1, 0.5, 0, 0.1, 3, 1)",0.24365,0.45857
10,10,"('Sarsa', 10000, 50, 1, 0.3, 0, 0.1, 0.5, 0, 0.1, 5, 0.5)",0.24238,0.45222
11,11,"('Sarsa', 10000, 50, 1, 0.3, 0, 0.1, 0.5, 0, 0.1, 5, 1)",0.24127,0.46111
12,12,"('Sarsa', 10000, 50, 1, 0.3, 0, 0.1, 0.7, 0, 0.1, 1, 0.5)",0.24587,0.45063
13,13,"('Sarsa', 10000, 50, 1, 0.3, 0, 0.1, 0.7, 0, 0.1, 1, 1)",0.24016,0.45810
14,14,"('Sarsa', 10000, 50, 1, 0.3, 0, 0.1, 0.7, 0, 0.1, 3, 0.5)",0.23984,0.44905
15,15,"('Sarsa', 10000, 50, 1, 0.3, 0, 0.1, 0.7, 0, 0.1, 3, 1)",0.23429,0.45937
16,16,"('Sarsa', 10000, 50, 1, 0.3, 0, 0.1, 0.7, 0, 0.1, 5, 0.5)",0.24540,0.45206
17,17,"('Sarsa', 10000, 50, 1, 0.3, 0, 0.1, 0.7, 0, 0.1, 5, 1)",0.23048,0.45873
18,18,"('Sarsa', 10000, 50, 1, 0.5, 0, 0.1, 0.3, 0, 0.1, 1, 0.5)",0.24222,0.44063
19,19,"('Sarsa', 10000, 50, 1, 0.5, 0, 0.1, 0.3, 0, 0.1, 1, 1)",0.23651,0.45603
20,20,"('Sarsa', 10000, 50, 1, 0.5, 0, 0.1, 0.3, 0, 0.1, 3, 0.5)",0.23857,0.44222
21,21,"('Sarsa', 10000, 50, 1, 0.5, 0, 0.1, 0.3, 0, 0.1, 3, 1)",0.23683,0.45952
22,22,"('Sarsa', 10000, 50, 1, 0.5, 0, 0.1, 0.3, 0, 0.1, 5, 0.5)",0.23349,0.44381
23,23,"('Sarsa', 10000, 50, 1, 0.5, 0, 0.1, 0.3, 0, 0.1, 5, 1)",0.24317,0.46095
24,24,"('Sarsa', 10000, 50, 1, 0.5, 0, 0.1, 0.5, 0, 0.1, 1, 0.5)",0.24111,0.44762
25,25,"('Sarsa', 10000, 50, 1, 0.5, 0, 0.1, 0.5, 0, 0.1, 1, 1)",0.24000,0.45651
26,26,"('Sarsa', 10000, 50, 1, 0.5, 0, 0.1, 0.5, 0, 0.1, 3, 0.5)",0.23778,0.44921
27,27,"('Sarsa', 10000, 50, 1, 0.5, 0, 0.1, 0.5, 0, 0.1, 3, 1)",0.24810,0.45857
28,28,"('Sarsa', 10000, 50, 1, 0.5, 0, 0.1, 0.5, 0, 0.1, 5, 0.5)",0.23286,0.44952
29,29,"('Sarsa', 10000, 50, 1, 0.5, 0, 0.1, 0.5, 0, 0.1, 5, 1)",0.23032,0.45873
30,30,"('Sarsa', 10000, 50, 1, 0.5, 0, 0.1, 0.7, 0, 0.1, 1, 0.5)",0.23825,0.44841
31,31,"('Sarsa', 10000, 50, 1, 0.5, 0, 0.1, 0.7, 0, 0.1, 1, 1)",0.23127,0.45794
32,32,"('Sarsa', 10000, 50, 1, 0.5, 0, 0.1, 0.7, 0, 0.1, 3, 0.5)",0.23619,0.44746
33,33,"('Sarsa', 10000, 50, 1, 0.5, 0, 0.1, 0.7, 0, 0.1, 3, 1)",0.24492,0.45937
34,34,"('Sarsa', 10000, 50, 1, 0.5, 0, 0.1, 0.7, 0, 0.1, 5, 0.5)",0.23794,0.44905
35,35,"('Sarsa', 10000, 50, 1, 0.5, 0, 0.1, 0.7, 0, 0.1, 5, 1)",0.24143,0.45825
36,36,"('Sarsa', 10000, 50, 1, 0.7, 0, 0.1, 0.3, 0, 0.1, 1, 0.5)",0.23286,0.43365
37,37,"('Sarsa', 10000, 50, 1, 0.7, 0, 0.1, 0.3, 0, 0.1, 1, 1)",0.23381,0.45492
38,38,"('Sarsa', 10000, 50, 1, 0.7, 0, 0.1, 0.3, 0, 0.1, 3, 0.5)",0.23540,0.43429
39,39,"('Sarsa', 10000, 50, 1, 0.7, 0, 0.1, 0.3, 0, 0.1, 3, 1)",0.23429,0.45651
40,40,"('Sarsa', 10000, 50, 1, 0.7, 0, 0.1, 0.3, 0, 0.1, 5, 0.5)",0.23619,0.43683
41,41,"('Sarsa', 10000, 50, 1, 0.7, 0, 0.1, 0.3, 0, 0.1, 5, 1)",0.23651,0.45667
42,42,"('Sarsa', 10000, 50, 1, 0.7, 0, 0.1, 0.5, 0, 0.1, 1, 0.5)",0.24603,0.44762
43,43,"('Sarsa', 10000, 50, 1, 0.7, 0, 0.1, 0.5, 0, 0.1, 1, 1)",0.23159,0.45603
44,44,"('Sarsa', 10000, 50, 1, 0.7, 0, 0.1, 0.5, 0, 0.1, 3, 0.5)",0.23492,0.44825
45,45,"('Sarsa', 10000, 50, 1, 0.7, 0, 0.1, 0.5, 0, 0.1, 3, 1)",0.24397,0.45778
46,46,"('Sarsa', 10000, 50, 1, 0.7, 0, 0.1, 0.5, 0, 0.1, 5, 0.5)",0.24222,0.44778
47,47,"('Sarsa', 10000, 50, 1, 0.7, 0, 0.1, 0.5, 0, 0.1, 5, 1)",0.24270,0.45651
48,48,"('Sarsa', 10000, 50, 1, 0.7, 0, 0.1, 0.7, 0, 0.1, 1, 0.5)",0.22603,0.44619
49,49,"('Sarsa', 10000, 50, 1, 0.7, 0, 0.1, 0.7, 0, 0.1, 1, 1)",0.22873,0.45746
50,50,"('Sarsa', 10000, 50, 1, 0.7, 0, 0.1, 0.7, 0, 0.1, 3, 0.5)",0.24635,0.44714
51,51,"('Sarsa', 10000, 50, 1, 0.7, 0, 0.1, 0.7, 0, 0.1, 3, 1)",0.22857,0.45762
52,52,"('Sarsa', 10000, 50, 1, 0.7, 0, 0.1, 0.7, 0, 0.1, 5, 0.5)",0.22746,0.44524
53,53,"('Sarsa', 10000, 50, 1, 0.7, 0, 0.1, 0.7, 0, 0.1, 5, 1)",0.22365,0.45825
54,54,"('Sarsa', 10000, 50, 2, 0.3, 0, 0.1, 0.3, 0, 0.1, 1, 0.5)",0.23079,0.45667
55,55,"('Sarsa', 10000, 50, 2, 0.3, 0, 0.1, 0.3, 0, 0.1, 1, 1)",0.24238,0.45794
56,56,"('Sarsa', 10000, 50, 2, 0.3, 0, 0.1, 0.3, 0, 0.1, 3, 0.5)",0.24476,0.46032
57,57,"('Sarsa', 10000, 50, 2, 0.3, 0, 0.1, 0.3, 0, 0.1, 3, 1)",0.24143,0.45905
58,58,"('Sarsa', 10000, 50, 2, 0.3, 0, 0.1, 0.3, 0, 0.1, 5, 0.5)",0.24143,0.46016
59,59,"('Sarsa', 10000, 50, 2, 0.3, 0, 0.1, 0.3, 0, 0.1, 5, 1)",0.23968,0.46111
60,60,"('Sarsa', 10000, 50, 2, 0.3, 0, 0.1, 0.5, 0, 0.1, 1, 0.5)",0.24714,0.45778
61,61,"('Sarsa', 10000, 50, 2, 0.3, 0, 0.1, 0.5, 0, 0.1, 1, 1)",0.23365,0.45810
62,62,"('Sarsa', 10000, 50, 2, 0.3, 0, 0.1, 0.5, 0, 0.1, 3, 0.5)",0.23556,0.45825
63,63,"('Sarsa', 10000, 50, 2, 0.3, 0, 0.1, 0.5, 0, 0.1, 3, 1)",0.24778,0.45794
64,64,"('Sarsa', 10000, 50, 2, 0.3, 0, 0.1, 0.5, 0, 0.1, 5, 0.5)",0.24254,0.45921
65,65,"('Sarsa', 10000, 50, 2, 0.3, 0, 0.1, 0.5, 0, 0.1, 5, 1)",0.23603,0.45889
66,66,"('Sarsa', 10000, 50, 2, 0.3, 0, 0.1, 0.7, 0, 0.1, 1, 0.5)",0.24175,0.45794
67,67,"('Sarsa', 10000, 50, 2, 0.3, 0, 0.1, 0.7, 0, 0.1, 1, 1)",0.24238,0.45794
68,68,"('Sarsa', 10000, 50, 2, 0.3, 0, 0.1, 0.7, 0, 0.1, 3, 0.5)",0.24349,0.46095
69,69,"('Sarsa', 10000, 50, 2, 0.3, 0, 0.1, 0.7, 0, 0.1, 3, 1)",0.24159,0.45873
70,70,"('Sarsa', 10000, 50, 2, 0.3, 0, 0.1, 0.7, 0, 0.1, 5, 0.5)",0.24175,0.45857
71,71,"('Sarsa', 10000, 50, 2, 0.3, 0, 0.1, 0.7, 0, 0.1, 5, 1)",0.24698,0.45857
72,72,"('Sarsa', 10000, 50, 2, 0.5, 0, 0.1, 0.3, 0, 0.1, 1, 0.5)",0.24000,0.45571
73,73,"('Sarsa', 10000, 50, 2, 0.5, 0, 0.1, 0.3, 0, 0.1, 1, 1)",0.22937,0.45794
74,74,"('Sarsa', 10000, 50, 2, 0.5, 0, 0.1, 0.3, 0, 0.1, 3, 0.5)",0.23778,0.45778
75,75,"('Sarsa', 10000, 50, 2, 0.5, 0, 0.1, 0.3, 0, 0.1, 3, 1)",0.23651,0.45841
76,76,"('Sarsa', 10000, 50, 2, 0.5, 0, 0.1, 0.3, 0, 0.1, 5, 0.5)",0.21937,0.45873
77,77,"('Sarsa', 10000, 50, 2, 0.5, 0, 0.1, 0.3, 0, 0.1, 5, 1)",0.23651,0.46048
78,78,"('Sarsa', 10000, 50, 2, 0.5, 0, 0.1, 0.5, 0, 0.1, 1, 0.5)",0.23873,0.45762
79,79,"('Sarsa', 10000, 50, 2, 0.5, 0, 0.1, 0.5, 0, 0.1, 1, 1)",0.23175,0.45810
80,80,"('Sarsa', 10000, 50, 2, 0.5, 0, 0.1, 0.5, 0, 0.1, 3, 0.5)",0.23190,0.45873
81,81,"('Sarsa', 10000, 50, 2, 0.5, 0, 0.1, 0.5, 0, 0.1, 3, 1)",0.23540,0.45857
82,82,"('Sarsa', 10000, 50, 2, 0.5, 0, 0.1, 0.5, 0, 0.1, 5, 0.5)",0.23968,0.45841
83,83,"('Sarsa', 10000, 50, 2, 0.5, 0, 0.1, 0.5, 0, 0.1, 5, 1)",0.23651,0.45952
84,84,"('Sarsa', 10000, 50, 2, 0.5, 0, 0.1, 0.7, 0, 0.1, 1, 0.5)",0.24206,0.45746
85,85,"('Sarsa', 10000, 50, 2, 0.5, 0, 0.1, 0.7, 0, 0.1, 1, 1)",0.22937,0.45794
86,86,"('Sarsa', 10000, 50, 2, 0.5, 0, 0.1, 0.7, 0, 0.1, 3, 0.5)",0.23302,0.45921
87,87,"('Sarsa', 10000, 50, 2, 0.5, 0, 0.1, 0.7, 0, 0.1, 3, 1)",0.24095,0.45825
88,88,"('Sarsa', 10000, 50, 2, 0.5, 0, 0.1, 0.7, 0, 0.1, 5, 0.5)",0.23778,0.45937
89,89,"('Sarsa', 10000, 50, 2, 0.5, 0, 0.1, 0.7, 0, 0.1, 5, 1)",0.24730,0.46016
90,90,"('Sarsa', 10000, 50, 2, 0.7, 0, 0.1, 0.3, 0, 0.1, 1, 0.5)",0.24841,0.45349
91,91,"('Sarsa', 10000, 50, 2, 0.7, 0, 0.1, 0.3, 0, 0.1, 1, 1)",0.23984,0.45810
92,92,"('Sarsa', 10000, 50, 2, 0.7, 0, 0.1, 0.3, 0, 0.1, 3, 0.5)",0.23556,0.45825
93,93,"('Sarsa', 10000, 50, 2, 0.7, 0, 0.1, 0.3, 0, 0.1, 3, 1)",0.24476,0.46048
94,94,"('Sarsa', 10000, 50, 2, 0.7, 0, 0.1, 0.3, 0, 0.1, 5, 0.5)",0.22508,0.45714
95,95,"('Sarsa', 10000, 50, 2, 0.7, 0, 0.1, 0.3, 0, 0.1, 5, 1)",0.24492,0.45905
96,96,"('Sarsa', 10000, 50, 2, 0.7, 0, 0.1, 0.5, 0, 0.1, 1, 0.5)",0.23762,0.45571
97,97,"('Sarsa', 10000, 50, 2, 0.7, 0, 0.1, 0.5, 0, 0.1, 1, 1)",0.24254,0.45794
98,98,"('Sarsa', 10000, 50, 2, 0.7, 0, 0.1, 0.5, 0, 0.1, 3, 0.5)",0.23651,0.45683
99,99,"('Sarsa', 10000, 50, 2, 0.7, 0, 0.1, 0.5, 0, 0.1, 3, 1)",0.23159,0.45794
100,100,"('Sarsa', 10000, 50, 2, 0.7, 0, 0.1, 0.5, 0, 0.1, 5, 0.5)",0.24921,0.45794
101,101,"('Sarsa', 10000, 50, 2, 0.7, 0, 0.1, 0.5, 0, 0.1, 5, 1)",0.23905,0.45952
102,102,"('Sarsa', 10000, 50, 2, 0.7, 0, 0.1, 0.7, 0, 0.1, 1, 0.5)",0.23524,0.45746
103,103,"('Sarsa', 10000, 50, 2, 0.7, 0, 0.1, 0.7, 0, 0.1, 1, 1)",0.23778,0.45810
104,104,"('Sarsa', 10000, 50, 2, 0.7, 0, 0.1, 0.7, 0, 0.1, 3, 0.5)",0.22984,0.45746
105,105,"('Sarsa', 10000, 50, 2, 0.7, 0, 0.1, 0.7, 0, 0.1, 3, 1)",0.23857,0.45794
106,106,"('Sarsa', 10000, 50, 2, 0.7, 0, 0.1, 0.7, 0, 0.1, 5, 0.5)",0.23698,0.45889
107,107,"('Sarsa', 10000, 50, 2, 0.7, 0, 0.1, 0.7, 0, 0.1, 5, 1)",0.24016,0.45921
108,108,"('Sarsa', 10000, 100, 1, 0.3, 0, 0.1, 0.3, 0, 0.1, 1, 0.5)",0.23794,0.45460
109,109,"('Sarsa', 10000, 100, 1, 0.3, 0, 0.1, 0.3, 0, 0.1, 1, 1)",0.24032,0.45794
110,110,"('Sarsa', 10000, 100, 1, 0.3, 0, 0.1, 0.3, 0, 0.1, 3, 0.5)",0.23381,0.45603
111,111,"('Sarsa', 10000, 100, 1, 0.3, 0, 0.1, 0.3, 0, 0.1, 3, 1)",0.24460,0.45841
112,112,"('Sarsa', 10000, 100, 1, 0.3, 0, 0.1, 0.3, 0, 0.1, 5, 0.5)",0.23429,0.45460
113,113,"('Sarsa', 10000, 100, 1, 0.3, 0, 0.1, 0.3, 0, 0.1, 5, 1)",0.23302,0.46111
114,114,"('Sarsa', 10000, 100, 1, 0.3, 0, 0.1, 0.5, 0, 0.1, 1, 0.5)",0.24651,0.45508
115,115,"('Sarsa', 10000, 100, 1, 0.3, 0, 0.1, 0.5, 0, 0.1, 1, 1)",0.24365,0.45794
116,116,"('Sarsa', 10000, 100, 1, 0.3, 0, 0.1, 0.5, 0, 0.1, 3, 0.5)",0.24873,0.45667
117,117,"('Sarsa', 10000, 100, 1, 0.3, 0, 0.1, 0.5, 0, 0.1, 3, 1)",0.23508,0.45825
118,118,"('Sarsa', 10000, 100, 1, 0.3, 0, 0.1, 0.5, 0, 0.1, 5, 0.5)",0.23254,0.45540
119,119,"('Sarsa', 10000, 100, 1, 0.3, 0, 0.1, 0.5, 0, 0.1, 5, 1)",0.24222,0.45905
120,120,"('Sarsa', 10000, 100, 1, 0.3, 0, 0.1, 0.7, 0, 0.1, 1, 0.5)",0.24587,0.45635
121,121,"('Sarsa', 10000, 100, 1, 0.3, 0, 0.1, 0.7, 0, 0.1, 1, 1)",0.24397,0.45794
122,122,"('Sarsa', 10000, 100, 1, 0.3, 0, 0.1, 0.7, 0, 0.1, 3, 0.5)",0.23968,0.45508
123,123,"('Sarsa', 10000, 100, 1, 0.3, 0, 0.1, 0.7, 0, 0.1, 3, 1)",0.24206,0.45778
124,124,"('Sarsa', 10000, 100, 1, 0.3, 0, 0.1, 0.7, 0, 0.1, 5, 0.5)",0.23175,0.45571
125,125,"('Sarsa', 10000, 100, 1, 0.3, 0, 0.1, 0.7, 0, 0.1, 5, 1)",0.23873,0.45794
126,126,"('Sarsa', 10000, 100, 1, 0.5, 0, 0.1, 0.3, 0, 0.1, 1, 0.5)",0.24032,0.45048
127,127,"('Sarsa', 10000, 100, 1, 0.5, 0, 0.1, 0.3, 0, 0.1, 1, 1)",0.24429,0.45810
128,128,"('Sarsa', 10000, 100, 1, 0.5, 0, 0.1, 0.3, 0, 0.1, 3, 0.5)",0.23349,0.45238
129,129,"('Sarsa', 10000, 100, 1, 0.5, 0, 0.1, 0.3, 0, 0.1, 3, 1)",0.22937,0.45794
130,130,"('Sarsa', 10000, 100, 1, 0.5, 0, 0.1, 0.3, 0, 0.1, 5, 0.5)",0.24508,0.45349
131,131,"('Sarsa', 10000, 100, 1, 0.5, 0, 0.1, 0.3, 0, 0.1, 5, 1)",0.23825,0.46063
132,132,"('Sarsa', 10000, 100, 1, 0.5, 0, 0.1, 0.5, 0, 0.1, 1, 0.5)",0.23333,0.45587
133,133,"('Sarsa', 10000, 100, 1, 0.5, 0, 0.1, 0.5, 0, 0.1, 1, 1)",0.23683,0.45794
134,134,"('Sarsa', 10000, 100, 1, 0.5, 0, 0.1, 0.5, 0, 0.1, 3, 0.5)",0.23190,0.45540
135,135,"('Sarsa', 10000, 100, 1, 0.5, 0, 0.1, 0.5, 0, 0.1, 3, 1)",0.23778,0.45810
136,136,"('Sarsa', 10000, 100, 1, 0.5, 0, 0.1, 0.5, 0, 0.1, 5, 0.5)",0.22984,0.45730
137,137,"('Sarsa', 10000, 100, 1, 0.5, 0, 0.1, 0.5, 0, 0.1, 5, 1)",0.21524,0.45905
138,138,"('Sarsa', 10000, 100, 1, 0.5, 0, 0.1, 0.7, 0, 0.1, 1, 0.5)",0.24048,0.45508
139,139,"('Sarsa', 10000, 100, 1, 0.5, 0, 0.1, 0.7, 0, 0.1, 1, 1)",0.24619,0.45762
140,140,"('Sarsa', 10000, 100, 1, 0.5, 0, 0.1, 0.7, 0, 0.1, 3, 0.5)",0.24444,0.45651
141,141,"('Sarsa', 10000, 100, 1, 0.5, 0, 0.1, 0.7, 0, 0.1, 3, 1)",0.23190,0.45810
142,142,"('Sarsa', 10000, 100, 1, 0.5, 0, 0.1, 0.7, 0, 0.1, 5, 0.5)",0.23159,0.45651
143,143,"('Sarsa', 10000, 100, 1, 0.5, 0, 0.1, 0.7, 0, 0.1, 5, 1)",0.22508,0.45794
144,144,"('Sarsa', 10000, 100, 1, 0.7, 0, 0.1, 0.3, 0, 0.1, 1, 0.5)",0.24000,0.44794
145,145,"('Sarsa', 10000, 100, 1, 0.7, 0, 0.1, 0.3, 0, 0.1, 1, 1)",0.24079,0.45746
146,146,"('Sarsa', 10000, 100, 1, 0.7, 0, 0.1, 0.3, 0, 0.1, 3, 0.5)",0.24206,0.45159
147,147,"('Sarsa', 10000, 100, 1, 0.7, 0, 0.1, 0.3, 0, 0.1, 3, 1)",0.24222,0.45825
148,148,"('Sarsa', 10000, 100, 1, 0.7, 0, 0.1, 0.3, 0, 0.1, 5, 0.5)",0.23794,0.45222
149,149,"('Sarsa', 10000, 100, 1, 0.7, 0, 0.1, 0.3, 0, 0.1, 5, 1)",0.22683,0.45984
150,150,"('Sarsa', 10000, 100, 1, 0.7, 0, 0.1, 0.5, 0, 0.1, 1, 0.5)",0.24365,0.45381
151,151,"('Sarsa', 10000, 100, 1, 0.7, 0, 0.1, 0.5, 0, 0.1, 1, 1)",0.24317,0.45762
152,152,"('Sarsa', 10000, 100, 1, 0.7, 0, 0.1, 0.5, 0, 0.1, 3, 0.5)",0.23921,0.45444
153,153,"('Sarsa', 10000, 100, 1, 0.7, 0, 0.1, 0.5, 0, 0.1, 3, 1)",0.23873,0.45825
154,154,"('Sarsa', 10000, 100, 1, 0.7, 0, 0.1, 0.5, 0, 0.1, 5, 0.5)",0.23286,0.45460
155,155,"('Sarsa', 10000, 100, 1, 0.7, 0, 0.1, 0.5, 0, 0.1, 5, 1)",0.23825,0.45810
156,156,"('Sarsa', 10000, 100, 1, 0.7, 0, 0.1, 0.7, 0, 0.1, 1, 0.5)",0.23651,0.45540
157,157,"('Sarsa', 10000, 100, 1, 0.7, 0, 0.1, 0.7, 0, 0.1, 1, 1)",0.24540,0.45794
158,158,"('Sarsa', 10000, 100, 1, 0.7, 0, 0.1, 0.7, 0, 0.1, 3, 0.5)",0.23984,0.45619
159,159,"('Sarsa', 10000, 100, 1, 0.7, 0, 0.1, 0.7, 0, 0.1, 3, 1)",0.23746,0.45889
160,160,"('Sarsa', 10000, 100, 1, 0.7, 0, 0.1, 0.7, 0, 0.1, 5, 0.5)",0.24810,0.45571
161,161,"('Sarsa', 10000, 100, 1, 0.7, 0, 0.1, 0.7, 0, 0.1, 5, 1)",0.23127,0.45825
162,162,"('Sarsa', 10000, 100, 2, 0.3, 0, 0.1, 0.3, 0, 0.1, 1, 0.5)",0.24413,0.45778
163,163,"('Sarsa', 10000, 100, 2, 0.3, 0, 0.1, 0.3, 0, 0.1, 1, 1)",0.23984,0.45825
164,164,"('Sarsa', 10000, 100, 2, 0.3, 0, 0.1, 0.3, 0, 0.1, 3, 0.5)",0.23889,0.45794
165,165,"('Sarsa', 10000, 100, 2, 0.3, 0, 0.1, 0.3, 0, 0.1, 3, 1)",0.23968,0.45889
166,166,"('Sarsa', 10000, 100, 2, 0.3, 0, 0.1, 0.3, 0, 0.1, 5, 0.5)",0.24333,0.46032
167,167,"('Sarsa', 10000, 100, 2, 0.3, 0, 0.1, 0.3, 0, 0.1, 5, 1)",0.23460,0.45873
168,168,"('Sarsa', 10000, 100, 2, 0.3, 0, 0.1, 0.5, 0, 0.1, 1, 0.5)",0.23873,0.45794
169,169,"('Sarsa', 10000, 100, 2, 0.3, 0, 0.1, 0.5, 0, 0.1, 1, 1)",0.24254,0.45794
170,170,"('Sarsa', 10000, 100, 2, 0.3, 0, 0.1, 0.5, 0, 0.1, 3, 0.5)",0.24159,0.45794
171,171,"('Sarsa', 10000, 100, 2, 0.3, 0, 0.1, 0.5, 0, 0.1, 3, 1)",0.24508,0.45857
172,172,"('Sarsa', 10000, 100, 2, 0.3, 0, 0.1, 0.5, 0, 0.1, 5, 0.5)",0.23127,0.46016
173,173,"('Sarsa', 10000, 100, 2, 0.3, 0, 0.1, 0.5, 0, 0.1, 5, 1)",0.23984,0.45746
174,174,"('Sarsa', 10000, 100, 2, 0.3, 0, 0.1, 0.7, 0, 0.1, 1, 0.5)",0.24413,0.45794
175,175,"('Sarsa', 10000, 100, 2, 0.3, 0, 0.1, 0.7, 0, 0.1, 1, 1)",0.24317,0.45810
176,176,"('Sarsa', 10000, 100, 2, 0.3, 0, 0.1, 0.7, 0, 0.1, 3, 0.5)",0.23698,0.45857
177,177,"('Sarsa', 10000, 100, 2, 0.3, 0, 0.1, 0.7, 0, 0.1, 3, 1)",0.23952,0.45857
178,178,"('Sarsa', 10000, 100, 2, 0.3, 0, 0.1, 0.7, 0, 0.1, 5, 0.5)",0.24349,0.45968
179,179,"('Sarsa', 10000, 100, 2, 0.3, 0, 0.1, 0.7, 0, 0.1, 5, 1)",0.24206,0.45841
180,180,"('Sarsa', 10000, 100, 2, 0.5, 0, 0.1, 0.3, 0, 0.1, 1, 0.5)",0.23778,0.45778
181,181,"('Sarsa', 10000, 100, 2, 0.5, 0, 0.1, 0.3, 0, 0.1, 1, 1)",0.24238,0.45810
182,182,"('Sarsa', 10000, 100, 2, 0.5, 0, 0.1, 0.3, 0, 0.1, 3, 0.5)",0.23048,0.45825
183,183,"('Sarsa', 10000, 100, 2, 0.5, 0, 0.1, 0.3, 0, 0.1, 3, 1)",0.23873,0.45921
184,184,"('Sarsa', 10000, 100, 2, 0.5, 0, 0.1, 0.3, 0, 0.1, 5, 0.5)",0.24460,0.46048
185,185,"('Sarsa', 10000, 100, 2, 0.5, 0, 0.1, 0.3, 0, 0.1, 5, 1)",0.24333,0.45778
186,186,"('Sarsa', 10000, 100, 2, 0.5, 0, 0.1, 0.5, 0, 0.1, 1, 0.5)",0.22381,0.45794
187,187,"('Sarsa', 10000, 100, 2, 0.5, 0, 0.1, 0.5, 0, 0.1, 1, 1)",0.24079,0.45794
188,188,"('Sarsa', 10000, 100, 2, 0.5, 0, 0.1, 0.5, 0, 0.1, 3, 0.5)",0.24587,0.45794
189,189,"('Sarsa', 10000, 100, 2, 0.5, 0, 0.1, 0.5, 0, 0.1, 3, 1)",0.24444,0.45825
190,190,"('Sarsa', 10000, 100, 2, 0.5, 0, 0.1, 0.5, 0, 0.1, 5, 0.5)",0.24365,0.45937
191,191,"('Sarsa', 10000, 100, 2, 0.5, 0, 0.1, 0.5, 0, 0.1, 5, 1)",0.24063,0.45794
192,192,"('Sarsa', 10000, 100, 2, 0.5, 0, 0.1, 0.7, 0, 0.1, 1, 0.5)",0.24079,0.45794
193,193,"('Sarsa', 10000, 100, 2, 0.5, 0, 0.1, 0.7, 0, 0.1, 1, 1)",0.22619,0.45810
194,194,"('Sarsa', 10000, 100, 2, 0.5, 0, 0.1, 0.7, 0, 0.1, 3, 0.5)",0.23937,0.45825
195,195,"('Sarsa', 10000, 100, 2, 0.5, 0, 0.1, 0.7, 0, 0.1, 3, 1)",0.23825,0.45873
196,196,"('Sarsa', 10000, 100, 2, 0.5, 0, 0.1, 0.7, 0, 0.1, 5, 0.5)",0.24048,0.45873
197,197,"('Sarsa', 10000, 100, 2, 0.5, 0, 0.1, 0.7, 0, 0.1, 5, 1)",0.23619,0.45794
198,198,"('Sarsa', 10000, 100, 2, 0.7, 0, 0.1, 0.3, 0, 0.1, 1, 0.5)",0.24651,0.45746
199,199,"('Sarsa', 10000, 100, 2, 0.7, 0, 0.1, 0.3, 0, 0.1, 1, 1)",0.23540,0.45825
200,200,"('Sarsa', 10000, 100, 2, 0.7, 0, 0.1, 0.3, 0, 0.1, 3, 0.5)",0.23873,0.45794
201,201,"('Sarsa', 10000, 100, 2, 0.7, 0, 0.1, 0.3, 0, 0.1, 3, 1)",0.24000,0.45841
202,202,"('Sarsa', 10000, 100, 2, 0.7, 0, 0.1, 0.3, 0, 0.1, 5, 0.5)",0.24413,0.45857
203,203,"('Sarsa', 10000, 100, 2, 0.7, 0, 0.1, 0.3, 0, 0.1, 5, 1)",0.23222,0.45857
204,204,"('Sarsa', 10000, 100, 2, 0.7, 0, 0.1, 0.5, 0, 0.1, 1, 0.5)",0.23762,0.45698
205,205,"('Sarsa', 10000, 100, 2, 0.7, 0, 0.1, 0.5, 0, 0.1, 1, 1)",0.23794,0.45794
206,206,"('Sarsa', 10000, 100, 2, 0.7, 0, 0.1, 0.5, 0, 0.1, 3, 0.5)",0.23603,0.45794
207,207,"('Sarsa', 10000, 100, 2, 0.7, 0, 0.1, 0.5, 0, 0.1, 3, 1)",0.22857,0.45730
208,208,"('Sarsa', 10000, 100, 2, 0.7, 0, 0.1, 0.5, 0, 0.1, 5, 0.5)",0.24921,0.45889
209,209,"('Sarsa', 10000, 100, 2, 0.7, 0, 0.1, 0.5, 0, 0.1, 5, 1)",0.22857,0.45841
210,210,"('Sarsa', 10000, 100, 2, 0.7, 0, 0.1, 0.7, 0, 0.1, 1, 0.5)",0.23635,0.45825
211,211,"('Sarsa', 10000, 100, 2, 0.7, 0, 0.1, 0.7, 0, 0.1, 1, 1)",0.23857,0.45794
212,212,"('Sarsa', 10000, 100, 2, 0.7, 0, 0.1, 0.7, 0, 0.1, 3, 0.5)",0.23937,0.45778
213,213,"('Sarsa', 10000, 100, 2, 0.7, 0, 0.1, 0.7, 0, 0.1, 3, 1)",0.23841,0.45794
214,214,"('Sarsa', 10000, 100, 2, 0.7, 0, 0.1, 0.7, 0, 0.1, 5, 0.5)",0.24476,0.45857
215,215,"('Sarsa', 10000, 100, 2, 0.7, 0, 0.1, 0.7, 0, 0.1, 5, 1)",0.24032,0.45857
216,216,"('QLearning', 10000, 50, 1, 0.3, 0, 0.1, 0.3, 0, 0.1, 1, 0.5)",0.24540,0.44333
217,217,"('QLearning', 10000, 50, 1, 0.3, 0, 0.1, 0.3, 0, 0.1, 1, 1)",0.22556,0.45698
218,218,"('QLearning', 10000, 50, 1, 0.3, 0, 0.1, 0.3, 0, 0.1, 3, 0.5)",0.22492,0.44603
219,219,"('QLearning', 10000, 50, 1, 0.3, 0, 0.1, 0.3, 0, 0.1, 3, 1)",0.23683,0.45873
220,220,"('QLearning', 10000, 50, 1, 0.3, 0, 0.1, 0.3, 0, 0.1, 5, 0.5)",0.24492,0.44571
221,221,"('QLearning', 10000, 50, 1, 0.3, 0, 0.1, 0.3, 0, 0.1, 5, 1)",0.23952,0.45921
222,222,"('QLearning', 10000, 50, 1, 0.3, 0, 0.1, 0.5, 0, 0.1, 1, 0.5)",0.24063,0.44571
223,223,"('QLearning', 10000, 50, 1, 0.3, 0, 0.1, 0.5, 0, 0.1, 1, 1)",0.23778,0.45730
224,224,"('QLearning', 10000, 50, 1, 0.3, 0, 0.1, 0.5, 0, 0.1, 3, 0.5)",0.23984,0.44905
225,225,"('QLearning', 10000, 50, 1, 0.3, 0, 0.1, 0.5, 0, 0.1, 3, 1)",0.23635,0.45873
226,226,"('QLearning', 10000, 50, 1, 0.3, 0, 0.1, 0.5, 0, 0.1, 5, 0.5)",0.24286,0.45095
227,227,"('QLearning', 10000, 50, 1, 0.3, 0, 0.1, 0.5, 0, 0.1, 5, 1)",0.23762,0.46048
228,228,"('QLearning', 10000, 50, 1, 0.3, 0, 0.1, 0.7, 0, 0.1, 1, 0.5)",0.23492,0.44556
229,229,"('QLearning', 10000, 50, 1, 0.3, 0, 0.1, 0.7, 0, 0.1, 1, 1)",0.24698,0.45794
230,230,"('QLearning', 10000, 50, 1, 0.3, 0, 0.1, 0.7, 0, 0.1, 3, 0.5)",0.23397,0.44857
231,231,"('QLearning', 10000, 50, 1, 0.3, 0, 0.1, 0.7, 0, 0.1, 3, 1)",0.24730,0.45889
232,232,"('QLearning', 10000, 50, 1, 0.3, 0, 0.1, 0.7, 0, 0.1, 5, 0.5)",0.24841,0.45444
233,233,"('QLearning', 10000, 50, 1, 0.3, 0, 0.1, 0.7, 0, 0.1, 5, 1)",0.24635,0.45873
234,234,"('QLearning', 10000, 50, 1, 0.5, 0, 0.1, 0.3, 0, 0.1, 1, 0.5)",0.23762,0.43619
235,235,"('QLearning', 10000, 50, 1, 0.5, 0, 0.1, 0.3, 0, 0.1, 1, 1)",0.24397,0.45603
236,236,"('QLearning', 10000, 50, 1, 0.5, 0, 0.1, 0.3, 0, 0.1, 3, 0.5)",0.24048,0.43968
237,237,"('QLearning', 10000, 50, 1, 0.5, 0, 0.1, 0.3, 0, 0.1, 3, 1)",0.24238,0.45698
238,238,"('QLearning', 10000, 50, 1, 0.5, 0, 0.1, 0.3, 0, 0.1, 5, 0.5)",0.23413,0.44000
239,239,"('QLearning', 10000, 50, 1, 0.5, 0, 0.1, 0.3, 0, 0.1, 5, 1)",0.24270,0.45937
240,240,"('QLearning', 10000, 50, 1, 0.5, 0, 0.1, 0.5, 0, 0.1, 1, 0.5)",0.24000,0.44746
241,241,"('QLearning', 10000, 50, 1, 0.5, 0, 0.1, 0.5, 0, 0.1, 1, 1)",0.22095,0.45762
242,242,"('QLearning', 10000, 50, 1, 0.5, 0, 0.1, 0.5, 0, 0.1, 3, 0.5)",0.23190,0.44556
243,243,"('QLearning', 10000, 50, 1, 0.5, 0, 0.1, 0.5, 0, 0.1, 3, 1)",0.23381,0.45714
244,244,"('QLearning', 10000, 50, 1, 0.5, 0, 0.1, 0.5, 0, 0.1, 5, 0.5)",0.23810,0.44889
245,245,"('QLearning', 10000, 50, 1, 0.5, 0, 0.1, 0.5, 0, 0.1, 5, 1)",0.24238,0.46095
246,246,"('QLearning', 10000, 50, 1, 0.5, 0, 0.1, 0.7, 0, 0.1, 1, 0.5)",0.23540,0.44556
247,247,"('QLearning', 10000, 50, 1, 0.5, 0, 0.1, 0.7, 0, 0.1, 1, 1)",0.23762,0.45778
248,248,"('QLearning', 10000, 50, 1, 0.5, 0, 0.1, 0.7, 0, 0.1, 3, 0.5)",0.24143,0.45032
249,249,"('QLearning', 10000, 50, 1, 0.5, 0, 0.1, 0.7, 0, 0.1, 3, 1)",0.24159,0.45873
250,250,"('QLearning', 10000, 50, 1, 0.5, 0, 0.1, 0.7, 0, 0.1, 5, 0.5)",0.24746,0.44952
251,251,"('QLearning', 10000, 50, 1, 0.5, 0, 0.1, 0.7, 0, 0.1, 5, 1)",0.23952,0.45841
252,252,"('QLearning', 10000, 50, 1, 0.7, 0, 0.1, 0.3, 0, 0.1, 1, 0.5)",0.24111,0.43349
253,253,"('QLearning', 10000, 50, 1, 0.7, 0, 0.1, 0.3, 0, 0.1, 1, 1)",0.23206,0.45508
254,254,"('QLearning', 10000, 50, 1, 0.7, 0, 0.1, 0.3, 0, 0.1, 3, 0.5)",0.23111,0.42921
255,255,"('QLearning', 10000, 50, 1, 0.7, 0, 0.1, 0.3, 0, 0.1, 3, 1)",0.24714,0.45778
256,256,"('QLearning', 10000, 50, 1, 0.7, 0, 0.1, 0.3, 0, 0.1, 5, 0.5)",0.23778,0.43111
257,257,"('QLearning', 10000, 50, 1, 0.7, 0, 0.1, 0.3, 0, 0.1, 5, 1)",0.24048,0.45952
258,258,"('QLearning', 10000, 50, 1, 0.7, 0, 0.1, 0.5, 0, 0.1, 1, 0.5)",0.23127,0.44413
259,259,"('QLearning', 10000, 50, 1, 0.7, 0, 0.1, 0.5, 0, 0.1, 1, 1)",0.23111,0.45619
260,260,"('QLearning', 10000, 50, 1, 0.7, 0, 0.1, 0.5, 0, 0.1, 3, 0.5)",0.23952,0.44794
261,261,"('QLearning', 10000, 50, 1, 0.7, 0, 0.1, 0.5, 0, 0.1, 3, 1)",0.23762,0.45683
262,262,"('QLearning', 10000, 50, 1, 0.7, 0, 0.1, 0.5, 0, 0.1, 5, 0.5)",0.24222,0.44921
263,263,"('QLearning', 10000, 50, 1, 0.7, 0, 0.1, 0.5, 0, 0.1, 5, 1)",0.23889,0.45889
264,264,"('QLearning', 10000, 50, 1, 0.7, 0, 0.1, 0.7, 0, 0.1, 1, 0.5)",0.22175,0.44635
265,265,"('QLearning', 10000, 50, 1, 0.7, 0, 0.1, 0.7, 0, 0.1, 1, 1)",0.23397,0.45762
266,266,"('QLearning', 10000, 50, 1, 0.7, 0, 0.1, 0.7, 0, 0.1, 3, 0.5)",0.23032,0.44571
267,267,"('QLearning', 10000, 50, 1, 0.7, 0, 0.1, 0.7, 0, 0.1, 3, 1)",0.22714,0.45825
268,268,"('QLearning', 10000, 50, 1, 0.7, 0, 0.1, 0.7, 0, 0.1, 5, 0.5)",0.23571,0.44762
269,269,"('QLearning', 10000, 50, 1, 0.7, 0, 0.1, 0.7, 0, 0.1, 5, 1)",0.23206,0.45730
270,270,"('QLearning', 10000, 50, 2, 0.3, 0, 0.1, 0.3, 0, 0.1, 1, 0.5)",0.24381,0.45683
271,271,"('QLearning', 10000, 50, 2, 0.3, 0, 0.1, 0.3, 0, 0.1, 1, 1)",0.24476,0.45810
272,272,"('QLearning', 10000, 50, 2, 0.3, 0, 0.1, 0.3, 0, 0.1, 3, 0.5)",0.23317,0.45968
273,273,"('QLearning', 10000, 50, 2, 0.3, 0, 0.1, 0.3, 0, 0.1, 3, 1)",0.23476,0.45937
274,274,"('QLearning', 10000, 50, 2, 0.3, 0, 0.1, 0.3, 0, 0.1, 5, 0.5)",0.24079,0.46063
275,275,"('QLearning', 10000, 50, 2, 0.3, 0, 0.1, 0.3, 0, 0.1, 5, 1)",0.23111,0.46063
276,276,"('QLearning', 10000, 50, 2, 0.3, 0, 0.1, 0.5, 0, 0.1, 1, 0.5)",0.24571,0.45778
277,277,"('QLearning', 10000, 50, 2, 0.3, 0, 0.1, 0.5, 0, 0.1, 1, 1)",0.23730,0.45794
278,278,"('QLearning', 10000, 50, 2, 0.3, 0, 0.1, 0.5, 0, 0.1, 3, 0.5)",0.24079,0.45810
279,279,"('QLearning', 10000, 50, 2, 0.3, 0, 0.1, 0.5, 0, 0.1, 3, 1)",0.24079,0.45937
280,280,"('QLearning', 10000, 50, 2, 0.3, 0, 0.1, 0.5, 0, 0.1, 5, 0.5)",0.24524,0.45921
281,281,"('QLearning', 10000, 50, 2, 0.3, 0, 0.1, 0.5, 0, 0.1, 5, 1)",0.22746,0.45889
282,282,"('QLearning', 10000, 50, 2, 0.3, 0, 0.1, 0.7, 0, 0.1, 1, 0.5)",0.24667,0.45841
283,283,"('QLearning', 10000, 50, 2, 0.3, 0, 0.1, 0.7, 0, 0.1, 1, 1)",0.24460,0.45794
284,284,"('QLearning', 10000, 50, 2, 0.3, 0, 0.1, 0.7, 0, 0.1, 3, 0.5)",0.24159,0.45889
285,285,"('QLearning', 10000, 50, 2, 0.3, 0, 0.1, 0.7, 0, 0.1, 3, 1)",0.24778,0.45937
286,286,"('QLearning', 10000, 50, 2, 0.3, 0, 0.1, 0.7, 0, 0.1, 5, 0.5)",0.23683,0.45905
287,287,"('QLearning', 10000, 50, 2, 0.3, 0, 0.1, 0.7, 0, 0.1, 5, 1)",0.23317,0.45841
288,288,"('QLearning', 10000, 50, 2, 0.5, 0, 0.1, 0.3, 0, 0.1, 1, 0.5)",0.24127,0.45524
289,289,"('QLearning', 10000, 50, 2, 0.5, 0, 0.1, 0.3, 0, 0.1, 1, 1)",0.24127,0.45810
290,290,"('QLearning', 10000, 50, 2, 0.5, 0, 0.1, 0.3, 0, 0.1, 3, 0.5)",0.23619,0.45889
291,291,"('QLearning', 10000, 50, 2, 0.5, 0, 0.1, 0.3, 0, 0.1, 3, 1)",0.23556,0.45825
292,292,"('QLearning', 10000, 50, 2, 0.5, 0, 0.1, 0.3, 0, 0.1, 5, 0.5)",0.23111,0.46032
293,293,"('QLearning', 10000, 50, 2, 0.5, 0, 0.1, 0.3, 0, 0.1, 5, 1)",0.23921,0.45968
294,294,"('QLearning', 10000, 50, 2, 0.5, 0, 0.1, 0.5, 0, 0.1, 1, 0.5)",0.23349,0.45698
295,295,"('QLearning', 10000, 50, 2, 0.5, 0, 0.1, 0.5, 0, 0.1, 1, 1)",0.23841,0.45794
296,296,"('QLearning', 10000, 50, 2, 0.5, 0, 0.1, 0.5, 0, 0.1, 3, 0.5)",0.24444,0.45841
297,297,"('QLearning', 10000, 50, 2, 0.5, 0, 0.1, 0.5, 0, 0.1, 3, 1)",0.23873,0.45905
298,298,"('QLearning', 10000, 50, 2, 0.5, 0, 0.1, 0.5, 0, 0.1, 5, 0.5)",0.22825,0.45857
299,299,"('QLearning', 10000, 50, 2, 0.5, 0, 0.1, 0.5, 0, 0.1, 5, 1)",0.24429,0.45873
300,300,"('QLearning', 10000, 50, 2, 0.5, 0, 0.1, 0.7, 0, 0.1, 1, 0.5)",0.24492,0.45810
301,301,"('QLearning', 10000, 50, 2, 0.5, 0, 0.1, 0.7, 0, 0.1, 1, 1)",0.23619,0.45810
302,302,"('QLearning', 10000, 50, 2, 0.5, 0, 0.1, 0.7, 0, 0.1, 3, 0.5)",0.23286,0.45937
303,303,"('QLearning', 10000, 50, 2, 0.5, 0, 0.1, 0.7, 0, 0.1, 3, 1)",0.24000,0.45873
304,304,"('QLearning', 10000, 50, 2, 0.5, 0, 0.1, 0.7, 0, 0.1, 5, 0.5)",0.24238,0.46016
305,305,"('QLearning', 10000, 50, 2, 0.5, 0, 0.1, 0.7, 0, 0.1, 5, 1)",0.23810,0.46063
306,306,"('QLearning', 10000, 50, 2, 0.7, 0, 0.1, 0.3, 0, 0.1, 1, 0.5)",0.23683,0.45397
307,307,"('QLearning', 10000, 50, 2, 0.7, 0, 0.1, 0.3, 0, 0.1, 1, 1)",0.24000,0.45794
308,308,"('QLearning', 10000, 50, 2, 0.7, 0, 0.1, 0.3, 0, 0.1, 3, 0.5)",0.23190,0.45762
309,309,"('QLearning', 10000, 50, 2, 0.7, 0, 0.1, 0.3, 0, 0.1, 3, 1)",0.23746,0.45857
310,310,"('QLearning', 10000, 50, 2, 0.7, 0, 0.1, 0.3, 0, 0.1, 5, 0.5)",0.23238,0.45746
311,311,"('QLearning', 10000, 50, 2, 0.7, 0, 0.1, 0.3, 0, 0.1, 5, 1)",0.24365,0.45921
312,312,"('QLearning', 10000, 50, 2, 0.7, 0, 0.1, 0.5, 0, 0.1, 1, 0.5)",0.23175,0.45714
313,313,"('QLearning', 10000, 50, 2, 0.7, 0, 0.1, 0.5, 0, 0.1, 1, 1)",0.24429,0.45794
314,314,"('QLearning', 10000, 50, 2, 0.7, 0, 0.1, 0.5, 0, 0.1, 3, 0.5)",0.24095,0.45794
315,315,"('QLearning', 10000, 50, 2, 0.7, 0, 0.1, 0.5, 0, 0.1, 3, 1)",0.24111,0.45905
316,316,"('QLearning', 10000, 50, 2, 0.7, 0, 0.1, 0.5, 0, 0.1, 5, 0.5)",0.23603,0.45794
317,317,"('QLearning', 10000, 50, 2, 0.7, 0, 0.1, 0.5, 0, 0.1, 5, 1)",0.22286,0.45746
318,318,"('QLearning', 10000, 50, 2, 0.7, 0, 0.1, 0.7, 0, 0.1, 1, 0.5)",0.24000,0.45714
319,319,"('QLearning', 10000, 50, 2, 0.7, 0, 0.1, 0.7, 0, 0.1, 1, 1)",0.23889,0.45825
320,320,"('QLearning', 10000, 50, 2, 0.7, 0, 0.1, 0.7, 0, 0.1, 3, 0.5)",0.22381,0.45698
321,321,"('QLearning', 10000, 50, 2, 0.7, 0, 0.1, 0.7, 0, 0.1, 3, 1)",0.23000,0.45968
322,322,"('QLearning', 10000, 50, 2, 0.7, 0, 0.1, 0.7, 0, 0.1, 5, 0.5)",0.24079,0.45825
323,323,"('QLearning', 10000, 50, 2, 0.7, 0, 0.1, 0.7, 0, 0.1, 5, 1)",0.24794,0.45937
324,324,"('QLearning', 10000, 100, 1, 0.3, 0, 0.1, 0.3, 0, 0.1, 1, 0.5)",0.23079,0.45492
325,325,"('QLearning', 10000, 100, 1, 0.3, 0, 0.1, 0.3, 0, 0.1, 1, 1)",0.24270,0.45794
326,326,"('QLearning', 10000, 100, 1, 0.3, 0, 0.1, 0.3, 0, 0.1, 3, 0.5)",0.23238,0.45825
327,327,"('QLearning', 10000, 100, 1, 0.3, 0, 0.1, 0.3, 0, 0.1, 3, 1)",0.24683,0.45889
328,328,"('QLearning', 10000, 100, 1, 0.3, 0, 0.1, 0.3, 0, 0.1, 5, 0.5)",0.23746,0.45698
329,329,"('QLearning', 10000, 100, 1, 0.3, 0, 0.1, 0.3, 0, 0.1, 5, 1)",0.24778,0.46032
330,330,"('QLearning', 10000, 100, 1, 0.3, 0, 0.1, 0.5, 0, 0.1, 1, 0.5)",0.22810,0.45444
331,331,"('QLearning', 10000, 100, 1, 0.3, 0, 0.1, 0.5, 0, 0.1, 1, 1)",0.24619,0.45810
332,332,"('QLearning', 10000, 100, 1, 0.3, 0, 0.1, 0.5, 0, 0.1, 3, 0.5)",0.24111,0.45667
333,333,"('QLearning', 10000, 100, 1, 0.3, 0, 0.1, 0.5, 0, 0.1, 3, 1)",0.24556,0.45841
334,334,"('QLearning', 10000, 100, 1, 0.3, 0, 0.1, 0.5, 0, 0.1, 5, 0.5)",0.24063,0.45698
335,335,"('QLearning', 10000, 100, 1, 0.3, 0, 0.1, 0.5, 0, 0.1, 5, 1)",0.24222,0.45746
336,336,"('QLearning', 10000, 100, 1, 0.3, 0, 0.1, 0.7, 0, 0.1, 1, 0.5)",0.24444,0.45651
337,337,"('QLearning', 10000, 100, 1, 0.3, 0, 0.1, 0.7, 0, 0.1, 1, 1)",0.24333,0.45794
338,338,"('QLearning', 10000, 100, 1, 0.3, 0, 0.1, 0.7, 0, 0.1, 3, 0.5)",0.23365,0.45635
339,339,"('QLearning', 10000, 100, 1, 0.3, 0, 0.1, 0.7, 0, 0.1, 3, 1)",0.23206,0.45873
340,340,"('QLearning', 10000, 100, 1, 0.3, 0, 0.1, 0.7, 0, 0.1, 5, 0.5)",0.23190,0.45889
341,341,"('QLearning', 10000, 100, 1, 0.3, 0, 0.1, 0.7, 0, 0.1, 5, 1)",0.24222,0.45889
342,342,"('QLearning', 10000, 100, 1, 0.5, 0, 0.1, 0.3, 0, 0.1, 1, 0.5)",0.24063,0.45413
343,343,"('QLearning', 10000, 100, 1, 0.5, 0, 0.1, 0.3, 0, 0.1, 1, 1)",0.24111,0.45794
344,344,"('QLearning', 10000, 100, 1, 0.5, 0, 0.1, 0.3, 0, 0.1, 3, 0.5)",0.24206,0.45508
345,345,"('QLearning', 10000, 100, 1, 0.5, 0, 0.1, 0.3, 0, 0.1, 3, 1)",0.24603,0.45889
346,346,"('QLearning', 10000, 100, 1, 0.5, 0, 0.1, 0.3, 0, 0.1, 5, 0.5)",0.24317,0.45571
347,347,"('QLearning', 10000, 100, 1, 0.5, 0, 0.1, 0.3, 0, 0.1, 5, 1)",0.24381,0.45952
348,348,"('QLearning', 10000, 100, 1, 0.5, 0, 0.1, 0.5, 0, 0.1, 1, 0.5)",0.24667,0.45492
349,349,"('QLearning', 10000, 100, 1, 0.5, 0, 0.1, 0.5, 0, 0.1, 1, 1)",0.23794,0.45746
350,350,"('QLearning', 10000, 100, 1, 0.5, 0, 0.1, 0.5, 0, 0.1, 3, 0.5)",0.24460,0.45556
351,351,"('QLearning', 10000, 100, 1, 0.5, 0, 0.1, 0.5, 0, 0.1, 3, 1)",0.23413,0.45778
352,352,"('QLearning', 10000, 100, 1, 0.5, 0, 0.1, 0.5, 0, 0.1, 5, 0.5)",0.23095,0.45476
353,353,"('QLearning', 10000, 100, 1, 0.5, 0, 0.1, 0.5, 0, 0.1, 5, 1)",0.23444,0.45825
354,354,"('QLearning', 10000, 100, 1, 0.5, 0, 0.1, 0.7, 0, 0.1, 1, 0.5)",0.24127,0.45365
355,355,"('QLearning', 10000, 100, 1, 0.5, 0, 0.1, 0.7, 0, 0.1, 1, 1)",0.23667,0.45810
356,356,"('QLearning', 10000, 100, 1, 0.5, 0, 0.1, 0.7, 0, 0.1, 3, 0.5)",0.24032,0.45762
357,357,"('QLearning', 10000, 100, 1, 0.5, 0, 0.1, 0.7, 0, 0.1, 3, 1)",0.23937,0.45825
358,358,"('QLearning', 10000, 100, 1, 0.5, 0, 0.1, 0.7, 0, 0.1, 5, 0.5)",0.23270,0.45635
359,359,"('QLearning', 10000, 100, 1, 0.5, 0, 0.1, 0.7, 0, 0.1, 5, 1)",0.23540,0.45873
360,360,"('QLearning', 10000, 100, 1, 0.7, 0, 0.1, 0.3, 0, 0.1, 1, 0.5)",0.23952,0.45000
361,361,"('QLearning', 10000, 100, 1, 0.7, 0, 0.1, 0.3, 0, 0.1, 1, 1)",0.24381,0.45730
362,362,"('QLearning', 10000, 100, 1, 0.7, 0, 0.1, 0.3, 0, 0.1, 3, 0.5)",0.24190,0.45143
363,363,"('QLearning', 10000, 100, 1, 0.7, 0, 0.1, 0.3, 0, 0.1, 3, 1)",0.24032,0.45889
364,364,"('QLearning', 10000, 100, 1, 0.7, 0, 0.1, 0.3, 0, 0.1, 5, 0.5)",0.23381,0.45413
365,365,"('QLearning', 10000, 100, 1, 0.7, 0, 0.1, 0.3, 0, 0.1, 5, 1)",0.24746,0.46095
366,366,"('QLearning', 10000, 100, 1, 0.7, 0, 0.1, 0.5, 0, 0.1, 1, 0.5)",0.24302,0.45540
367,367,"('QLearning', 10000, 100, 1, 0.7, 0, 0.1, 0.5, 0, 0.1, 1, 1)",0.23857,0.45714
368,368,"('QLearning', 10000, 100, 1, 0.7, 0, 0.1, 0.5, 0, 0.1, 3, 0.5)",0.23587,0.45333
369,369,"('QLearning', 10000, 100, 1, 0.7, 0, 0.1, 0.5, 0, 0.1, 3, 1)",0.23571,0.45730
370,370,"('QLearning', 10000, 100, 1, 0.7, 0, 0.1, 0.5, 0, 0.1, 5, 0.5)",0.24000,0.45714
371,371,"('QLearning', 10000, 100, 1, 0.7, 0, 0.1, 0.5, 0, 0.1, 5, 1)",0.22810,0.45952
372,372,"('QLearning', 10000, 100, 1, 0.7, 0, 0.1, 0.7, 0, 0.1, 1, 0.5)",0.24190,0.45444
373,373,"('QLearning', 10000, 100, 1, 0.7, 0, 0.1, 0.7, 0, 0.1, 1, 1)",0.24460,0.45825
374,374,"('QLearning', 10000, 100, 1, 0.7, 0, 0.1, 0.7, 0, 0.1, 3, 0.5)",0.24571,0.45603
375,375,"('QLearning', 10000, 100, 1, 0.7, 0, 0.1, 0.7, 0, 0.1, 3, 1)",0.24302,0.45825
376,376,"('QLearning', 10000, 100, 1, 0.7, 0, 0.1, 0.7, 0, 0.1, 5, 0.5)",0.24206,0.45540
377,377,"('QLearning', 10000, 100, 1, 0.7, 0, 0.1, 0.7, 0, 0.1, 5, 1)",0.24000,0.45730
378,378,"('QLearning', 10000, 100, 2, 0.3, 0, 0.1, 0.3, 0, 0.1, 1, 0.5)",0.23524,0.45794
379,379,"('QLearning', 10000, 100, 2, 0.3, 0, 0.1, 0.3, 0, 0.1, 1, 1)",0.23302,0.45794
380,380,"('QLearning', 10000, 100, 2, 0.3, 0, 0.1, 0.3, 0, 0.1, 3, 0.5)",0.23683,0.45937
381,381,"('QLearning', 10000, 100, 2, 0.3, 0, 0.1, 0.3, 0, 0.1, 3, 1)",0.24317,0.45873
382,382,"('QLearning', 10000, 100, 2, 0.3, 0, 0.1, 0.3, 0, 0.1, 5, 0.5)",0.24460,0.46000
383,383,"('QLearning', 10000, 100, 2, 0.3, 0, 0.1, 0.3, 0, 0.1, 5, 1)",0.24317,0.45952
384,384,"('QLearning', 10000, 100, 2, 0.3, 0, 0.1, 0.5, 0, 0.1, 1, 0.5)",0.23571,0.45794
385,385,"('QLearning', 10000, 100, 2, 0.3, 0, 0.1, 0.5, 0, 0.1, 1, 1)",0.24921,0.45794
386,386,"('QLearning', 10000, 100, 2, 0.3, 0, 0.1, 0.5, 0, 0.1, 3, 0.5)",0.24683,0.45825
387,387,"('QLearning', 10000, 100, 2, 0.3, 0, 0.1, 0.5, 0, 0.1, 3, 1)",0.23730,0.45889
388,388,"('QLearning', 10000, 100, 2, 0.3, 0, 0.1, 0.5, 0, 0.1, 5, 0.5)",0.23714,0.45841
389,389,"('QLearning', 10000, 100, 2, 0.3, 0, 0.1, 0.5, 0, 0.1, 5, 1)",0.24175,0.45873
390,390,"('QLearning', 10000, 100, 2, 0.3, 0, 0.1, 0.7, 0, 0.1, 1, 0.5)",0.24603,0.45794
391,391,"('QLearning', 10000, 100, 2, 0.3, 0, 0.1, 0.7, 0, 0.1, 1, 1)",0.24032,0.45810
392,392,"('QLearning', 10000, 100, 2, 0.3, 0, 0.1, 0.7, 0, 0.1, 3, 0.5)",0.24746,0.45841
393,393,"('QLearning', 10000, 100, 2, 0.3, 0, 0.1, 0.7, 0, 0.1, 3, 1)",0.23492,0.45810
394,394,"('QLearning', 10000, 100, 2, 0.3, 0, 0.1, 0.7, 0, 0.1, 5, 0.5)",0.24698,0.45889
395,395,"('QLearning', 10000, 100, 2, 0.3, 0, 0.1, 0.7, 0, 0.1, 5, 1)",0.24333,0.45794
396,396,"('QLearning', 10000, 100, 2, 0.5, 0, 0.1, 0.3, 0, 0.1, 1, 0.5)",0.23317,0.45810
397,397,"('QLearning', 10000, 100, 2, 0.5, 0, 0.1, 0.3, 0, 0.1, 1, 1)",0.23492,0.45794
398,398,"('QLearning', 10000, 100, 2, 0.5, 0, 0.1, 0.3, 0, 0.1, 3, 0.5)",0.24095,0.45778
399,399,"('QLearning', 10000, 100, 2, 0.5, 0, 0.1, 0.3, 0, 0.1, 3, 1)",0.24905,0.45841
400,400,"('QLearning', 10000, 100, 2, 0.5, 0, 0.1, 0.3, 0, 0.1, 5, 0.5)",0.23492,0.45984
401,401,"('QLearning', 10000, 100, 2, 0.5, 0, 0.1, 0.3, 0, 0.1, 5, 1)",0.23952,0.45952
402,402,"('QLearning', 10000, 100, 2, 0.5, 0, 0.1, 0.5, 0, 0.1, 1, 0.5)",0.23444,0.45778
403,403,"('QLearning', 10000, 100, 2, 0.5, 0, 0.1, 0.5, 0, 0.1, 1, 1)",0.23635,0.45794
404,404,"('QLearning', 10000, 100, 2, 0.5, 0, 0.1, 0.5, 0, 0.1, 3, 0.5)",0.23714,0.45857
405,405,"('QLearning', 10000, 100, 2, 0.5, 0, 0.1, 0.5, 0, 0.1, 3, 1)",0.24302,0.45794
406,406,"('QLearning', 10000, 100, 2, 0.5, 0, 0.1, 0.5, 0, 0.1, 5, 0.5)",0.23794,0.45873
407,407,"('QLearning', 10000, 100, 2, 0.5, 0, 0.1, 0.5, 0, 0.1, 5, 1)",0.24714,0.45810
408,408,"('QLearning', 10000, 100, 2, 0.5, 0, 0.1, 0.7, 0, 0.1, 1, 0.5)",0.24683,0.45794
409,409,"('QLearning', 10000, 100, 2, 0.5, 0, 0.1, 0.7, 0, 0.1, 1, 1)",0.23603,0.45794
410,410,"('QLearning', 10000, 100, 2, 0.5, 0, 0.1, 0.7, 0, 0.1, 3, 0.5)",0.22365,0.45937
411,411,"('QLearning', 10000, 100, 2, 0.5, 0, 0.1, 0.7, 0, 0.1, 3, 1)",0.23635,0.45921
412,412,"('QLearning', 10000, 100, 2, 0.5, 0, 0.1, 0.7, 0, 0.1, 5, 0.5)",0.22413,0.45841
413,413,"('QLearning', 10000, 100, 2, 0.5, 0, 0.1, 0.7, 0, 0.1, 5, 1)",0.24476,0.45794
414,414,"('QLearning', 10000, 100, 2, 0.7, 0, 0.1, 0.3, 0, 0.1, 1, 0.5)",0.24000,0.45794
415,415,"('QLearning', 10000, 100, 2, 0.7, 0, 0.1, 0.3, 0, 0.1, 1, 1)",0.23540,0.45794
416,416,"('QLearning', 10000, 100, 2, 0.7, 0, 0.1, 0.3, 0, 0.1, 3, 0.5)",0.22952,0.46000
417,417,"('QLearning', 10000, 100, 2, 0.7, 0, 0.1, 0.3, 0, 0.1, 3, 1)",0.23111,0.45778
418,418,"('QLearning', 10000, 100, 2, 0.7, 0, 0.1, 0.3, 0, 0.1, 5, 0.5)",0.24968,0.46032
419,419,"('QLearning', 10000, 100, 2, 0.7, 0, 0.1, 0.3, 0, 0.1, 5, 1)",0.23714,0.45841
420,420,"('QLearning', 10000, 100, 2, 0.7, 0, 0.1, 0.5, 0, 0.1, 1, 0.5)",0.23825,0.45794
421,421,"('QLearning', 10000, 100, 2, 0.7, 0, 0.1, 0.5, 0, 0.1, 1, 1)",0.24048,0.45810
422,422,"('QLearning', 10000, 100, 2, 0.7, 0, 0.1, 0.5, 0, 0.1, 3, 0.5)",0.24063,0.45794
423,423,"('QLearning', 10000, 100, 2, 0.7, 0, 0.1, 0.5, 0, 0.1, 3, 1)",0.24302,0.45810
424,424,"('QLearning', 10000, 100, 2, 0.7, 0, 0.1, 0.5, 0, 0.1, 5, 0.5)",0.23794,0.45683
425,425,"('QLearning', 10000, 100, 2, 0.7, 0, 0.1, 0.5, 0, 0.1, 5, 1)",0.22810,0.45778
426,426,"('QLearning', 10000, 100, 2, 0.7, 0, 0.1, 0.7, 0, 0.1, 1, 0.5)",0.23063,0.45810
427,427,"('QLearning', 10000, 100, 2, 0.7, 0, 0.1, 0.7, 0, 0.1, 1, 1)",0.23222,0.45810
428,428,"('QLearning', 10000, 100, 2, 0.7, 0, 0.1, 0.7, 0, 0.1, 3, 0.5)",0.24571,0.45857
429,429,"('QLearning', 10000, 100, 2, 0.7, 0, 0.1, 0.7, 0, 0.1, 3, 1)",0.24317,0.45825
430,430,"('QLearning', 10000, 100, 2, 0.7, 0, 0.1, 0.7, 0, 0.1, 5, 0.5)",0.23778,0.45825
431,431,"('QLearning', 10000, 100, 2, 0.7, 0, 0.1, 0.7, 0, 0.1, 5, 1)",0.23810,0.45841
